date,temperature_max,temperature_min,precipitation,weather_code,weather_description,season,holiday,mall_footfall,atm_outlet_footfall,season_encoded,mall_footfall_zscore,atm_footfall_zscore,mall_z_score,mall_fallout_is_outlier,atm_z_score,atm_fallout_is_outlier
2024-01-01,4.0,-8.2,9.5,75.0,heavy snow fall,Winter,1,8025.0,5211.0,1,-1.5256776988961454,-1.3580295698411324,-1.5256776988961454,False,-1.3580295698411324,False
2024-01-02,4.9,0.1,4.9,85.0,Light snow showers,Winter,0,11799.0,4754.0,1,-1.0610338843723248,-1.6047014439795397,-1.0610338843723248,False,-1.6047014439795397,False
2024-01-03,0.5,-8.3,12.6,45.0,Fog,Winter,0,13181.0,6717.0,1,-0.890886096435939,-0.5451458883259431,-0.890886096435939,False,-0.5451458883259431,False
2024-01-04,4.3,-4.6,14.3,66.0,Light freezing rain,Winter,0,12722.0,6151.0,1,-0.9473968306347821,-0.8506519731450647,-0.9473968306347821,False,-0.8506519731450647,False
2024-01-05,-0.4,0.1,8.2,75.0,heavy snow fall,Winter,0,13483.0,6459.0,1,-0.8537047419085957,-0.6844048457169915,-0.8537047419085957,False,-0.6844048457169915,False
2024-01-06,4.4,-6.6,3.8,86.0,Heavy snow showers,Winter,0,13867.0,6750.0,1,-0.8064277878076028,-0.5273336961015067,-0.8064277878076028,False,-0.5273336961015067,False
2024-01-07,-0.7,-6.8,11.0,75.0,heavy snow fall,Winter,0,7976.0,4502.0,1,-1.5317104352267408,-1.7407218209661453,-1.5317104352267408,False,-1.7407218209661453,False
2024-01-08,-1.1,-2.8,4.1,66.0,Light freezing rain,Winter,0,9968.0,4499.0,1,-1.2864612358278402,-1.7423411111683667,-1.2864612358278402,False,-1.7423411111683667,False
2024-01-09,5.1,-3.8,9.8,66.0,Light freezing rain,Winter,0,9206.0,5041.0,1,-1.380276441621998,-1.449789347967017,-1.380276441621998,False,-1.449789347967017,False
2024-01-10,0.1,0.5,7.9,86.0,Heavy snow showers,Winter,0,13207.0,4856.0,1,-0.8876850526686842,-1.549645577104009,-0.8876850526686842,False,-1.549645577104009,False
2024-01-11,3.3,-5.7,0.9,66.0,Light freezing rain,Winter,0,11118.0,5065.0,1,-1.1448766076608043,-1.436835026349245,-1.1448766076608043,False,-1.436835026349245,False
2024-01-12,4.4,-3.6,3.7,66.0,Light freezing rain,Winter,0,12395.0,5878.0,1,-0.9876561118614088,-0.9980073815472206,-0.9876561118614088,False,-0.9980073815472206,False
2024-01-13,-1.0,-1.0,10.1,73.0,moderate snow fall,Winter,0,12511.0,7329.0,1,-0.9733745319767338,-0.21481068707275855,-0.9733745319767338,False,-0.21481068707275855,False
2024-01-14,2.4,0.5,10.4,66.0,Light freezing rain,Winter,0,7202.0,4477.0,1,-1.6270030458365545,-1.7542159059846576,-1.6270030458365545,False,-1.7542159059846576,False
2024-01-15,3.4,0.5,7.3,86.0,Heavy snow showers,Winter,0,7595.0,3997.0,1,-1.5786180381238197,-2.0133023383400963,-1.5786180381238197,False,-2.0133023383400963,True
2024-01-16,-0.9,-5.3,1.1,66.0,Light freezing rain,Winter,0,10130.0,4948.0,1,-1.2665162708164839,-1.4999873442358833,-1.2665162708164839,False,-1.4999873442358833,False
2024-01-17,-2.0,-5.5,4.4,71.0,Slight snow fall,Winter,0,9422.0,4464.0,1,-1.3536831549401895,-1.7612328301942841,-1.3536831549401895,False,-1.7612328301942841,False
2024-01-18,0.0,-8.3,8.7,73.0,moderate snow fall,Winter,0,9632.0,4336.0,1,-1.327828570666209,-1.8303225454890677,-1.327828570666209,False,-1.8303225454890677,False
2024-01-19,3.7,-5.7,0.9,48.0,Depositing rime fog,Winter,1,12438.0,5954.0,1,-0.9823620779386414,-0.9569853630909427,-0.9823620779386414,False,-0.9569853630909427,False
2024-01-20,5.8,-2.6,13.1,85.0,Light snow showers,Winter,0,15878.0,8007.0,1,-0.5588393641172469,0.15114889862929878,-0.5588393641172469,False,0.15114889862929878,False
2024-01-21,-0.3,-0.2,8.2,75.0,heavy snow fall,Winter,0,7390.0,4510.0,1,-1.6038570370579435,-1.7364037137602213,-1.6038570370579435,False,-1.7364037137602213,False
2024-01-22,-1.2,-3.7,3.3,48.0,Depositing rime fog,Winter,0,8418.0,3896.0,1,-1.4772926911834106,-2.067818441814887,-1.4772926911834106,False,-2.067818441814887,True
2024-01-23,5.8,0.8,5.7,85.0,Light snow showers,Winter,0,9234.0,4500.0,1,-1.3768291637188006,-1.7418013477676262,-1.3768291637188006,False,-1.7418013477676262,False
2024-01-24,-0.2,-5.0,7.6,48.0,Depositing rime fog,Winter,0,11019.0,5349.0,1,-1.1570651973899666,-1.2835422205389437,-1.1570651973899666,False,-1.2835422205389437,False
2024-01-25,-1.2,-7.3,5.4,3.0,Overcast,Winter,0,11851.0,5411.0,1,-1.0546317968378154,-1.250076889693033,-1.0546317968378154,False,-1.250076889693033,False
2024-01-26,-1.9,0.0,6.0,48.0,Depositing rime fog,Winter,0,15560.0,7197.0,1,-0.5979905917321316,-0.28605945597050425,-0.5979905917321316,False,-0.28605945597050425,False
2024-01-27,-0.1,-8.9,7.8,45.0,Fog,Winter,0,20327.0,9202.0,1,-0.011091528712774851,0.7961661625141934,-0.011091528712774851,False,0.7961661625141934,False
2024-01-28,4.8,-6.9,10.4,85.0,Light snow showers,Winter,0,11787.0,5366.0,1,-1.0625112891879809,-1.2743662427263553,-1.0625112891879809,False,-1.2743662427263553,False
2024-01-29,-1.4,-9.6,9.6,3.0,Overcast,Winter,0,7826.0,4564.0,1,-1.550177995422441,-1.7072564901202343,-1.550177995422441,False,-1.7072564901202343,False
2024-01-30,3.1,0.6,7.5,75.0,heavy snow fall,Winter,0,10076.0,6232.0,1,-1.2731645924869361,-0.8069311376850844,-1.2731645924869361,False,-0.8069311376850844,False
2024-01-31,2.9,-1.7,4.0,85.0,Light snow showers,Winter,0,10219.0,5667.0,1,-1.255558851767035,-1.1118974591034656,-1.255558851767035,False,-1.1118974591034656,False
2024-02-01,4.8,-2.6,14.2,66.0,Light freezing rain,Winter,0,11692.0,5812.0,1,-1.0742074106452577,-1.0336317659960934,-1.0742074106452577,False,-1.0336317659960934,False
2024-02-02,2.2,-6.2,0.4,66.0,Light freezing rain,Winter,0,13662.0,7313.0,1,-0.8316667867417266,-0.22344690148460652,-0.8316667867417266,False,-0.22344690148460652,False
2024-02-03,0.7,-9.6,7.7,3.0,Overcast,Winter,0,33009.0,11210.0,1,1.5502791272997032,1.8800110712011124,1.5502791272997032,False,1.8800110712011124,False
2024-02-04,1.7,-0.1,5.9,85.0,Light snow showers,Winter,0,16990.0,6410.0,1,-0.42193318453312173,-0.7108532523532758,-0.42193318453312173,False,-0.7108532523532758,False
2024-02-05,4.4,0.9,11.1,48.0,Depositing rime fog,Winter,0,10701.0,5809.0,1,-1.1962164250048513,-1.0352510561983148,-1.1962164250048513,False,-1.0352510561983148,False
2024-02-06,1.6,-0.8,4.8,3.0,Overcast,Winter,0,9755.0,5541.0,1,-1.3126851713057348,-1.1799076475967682,-1.3126851713057348,False,-1.1799076475967682,False
2024-02-07,2.3,-7.5,11.6,77.0,Snow grains,Winter,0,14597.0,6711.0,1,-0.7165523281885278,-0.548384468730386,-0.7165523281885278,False,-0.548384468730386,False
2024-02-08,2.2,-6.9,11.0,86.0,Heavy snow showers,Winter,0,9913.0,4878.0,1,-1.2932326745662637,-1.537770782287718,-1.2932326745662637,False,-1.537770782287718,False
2024-02-09,1.4,-5.4,9.7,71.0,Slight snow fall,Winter,0,12523.0,6763.0,1,-0.9718971271610778,-0.5203167718918802,-0.9718971271610778,False,-0.5203167718918802,False
2024-02-10,5.4,-2.3,14.1,73.0,moderate snow fall,Winter,0,20343.0,9010.0,1,-0.009121655625233482,0.6925315895720179,-0.009121655625233482,False,0.6925315895720179,False
2024-02-11,-1.9,-1.8,11.5,75.0,heavy snow fall,Winter,0,16415.0,7965.0,1,-0.4927254986166397,0.1284788357981979,-0.4927254986166397,False,0.1284788357981979,False
2024-02-12,-0.5,-0.8,10.6,73.0,moderate snow fall,Winter,0,23081.0,8397.0,1,0.3279728764802834,0.36165662491809286,0.3279728764802834,False,0.36165662491809286,False
2024-02-13,0.2,-2.8,14.8,86.0,Heavy snow showers,Winter,0,17314.0,8040.0,1,-0.382043254510409,0.1689610908537352,-0.382043254510409,False,0.1689610908537352,False
2024-02-14,-0.7,-5.0,11.3,77.0,Snow grains,Winter,1,20602.0,8588.0,1,0.02276566497934244,0.4647514344595279,0.02276566497934244,False,0.4647514344595279,False
2024-02-15,-1.2,-8.5,7.7,71.0,Slight snow fall,Winter,0,17927.0,8688.0,1,-0.3065724918439803,0.5187277745335777,-0.3065724918439803,False,0.5187277745335777,False
2024-02-16,1.0,-3.7,11.3,75.0,heavy snow fall,Winter,1,21452.0,9352.0,1,0.12741517275497768,0.877130672625268,0.12741517275497768,False,0.877130672625268,False
2024-02-17,2.1,-5.7,1.8,56.0,Light freezing drizzle,Winter,0,28246.0,9345.0,1,0.9638725325522317,0.8733523288200845,0.9638725325522317,False,0.8733523288200845,False
2024-02-18,4.6,-6.5,4.5,77.0,Snow grains,Winter,0,24225.0,7387.0,1,0.4688188022394913,-0.1835044098298097,0.4688188022394913,False,-0.1835044098298097,False
2024-02-19,1.1,-4.9,8.9,71.0,Slight snow fall,Winter,0,18197.0,7358.0,1,-0.2733308834917197,-0.19915754845128414,-0.2733308834917197,False,-0.19915754845128414,False
2024-02-20,-0.6,-6.7,13.3,73.0,moderate snow fall,Winter,0,15112.0,6993.0,1,-0.65314703818329,-0.39617118972156573,-0.65314703818329,False,-0.39617118972156573,False
2024-02-21,4.3,-2.1,8.2,66.0,Light freezing rain,Winter,0,12960.0,6512.0,1,-0.9180949684576042,-0.6557973854777451,-0.9180949684576042,False,-0.6557973854777451,False
2024-02-22,0.5,-7.9,0.4,48.0,Depositing rime fog,Winter,0,14623.0,7306.0,1,-0.713351284421273,-0.22722524528979002,-0.713351284421273,False,-0.22722524528979002,False
2024-02-23,0.4,0.6,1.0,75.0,heavy snow fall,Winter,0,21628.0,8964.0,1,0.14908377671793277,0.6677024731379549,0.14908377671793277,False,0.6677024731379549,False
2024-02-24,0.0,-8.0,14.3,71.0,Slight snow fall,Winter,0,35583.0,11543.0,1,1.867182460257921,2.0597522836476982,1.867182460257921,False,2.0597522836476982,True
2024-02-25,4.4,-4.7,2.9,77.0,Snow grains,Winter,0,18958.0,6980.0,1,-0.1796387947655333,-0.4031881139311922,-0.1796387947655333,False,-0.4031881139311922,False
2024-02-26,-0.9,-2.4,9.1,66.0,Light freezing rain,Winter,0,14712.0,6362.0,1,-0.7023938653718242,-0.7367618955888198,-0.7023938653718242,False,-0.7367618955888198,False
2024-02-27,0.9,-7.0,1.2,3.0,Overcast,Winter,0,10246.0,5968.0,1,-1.252234690931809,-0.9494286754805757,-1.252234690931809,False,-0.9494286754805757,False
2024-02-28,2.6,-5.3,1.7,71.0,Slight snow fall,Winter,0,11231.0,6254.0,1,-1.1309643789800434,-0.7950563428687935,-1.1309643789800434,False,-0.7950563428687935,False
2024-02-29,0.2,-8.1,3.9,86.0,Heavy snow showers,Winter,0,11066.0,6252.0,1,-1.1512786951953138,-0.7961358696702745,-1.1512786951953138,False,-0.7961358696702745,False
2024-03-01,1.0,-2.2,7.1,85.0,Light snow showers,Winter,0,10963.0,7359.0,1,-1.1639597531963615,-0.19861778505054364,-1.1639597531963615,False,-0.19861778505054364,False
2024-03-02,4.9,-2.7,3.0,71.0,Slight snow fall,Winter,0,18275.0,9162.0,1,-0.2637277521899555,0.7745756264845735,-0.2637277521899555,False,0.7745756264845735,False
2024-03-03,-0.1,-2.0,3.5,86.0,Heavy snow showers,Winter,0,13464.0,6389.0,1,-0.8560439662000511,-0.7221882837688263,-0.8560439662000511,False,-0.7221882837688263,False
2024-03-04,5.2,0.8,14.8,73.0,moderate snow fall,Winter,0,16565.0,6739.0,1,-0.4742579384209394,-0.5332710935096522,-0.4742579384209394,False,-0.5332710935096522,False
2024-03-05,1.7,-9.3,7.7,3.0,Overcast,Winter,0,11731.0,6234.0,1,-1.0694058449943755,-0.8058516108836034,-1.0694058449943755,False,-0.8058516108836034,False
2024-03-06,0.2,-8.4,11.3,85.0,Light snow showers,Winter,0,11563.0,6203.0,1,-1.0900895124135601,-0.8225842763065588,-1.0900895124135601,False,-0.8225842763065588,False
2024-03-07,-0.8,-2.8,0.9,77.0,Snow grains,Winter,0,11225.0,6717.0,1,-1.1317030813878715,-0.5451458883259431,-1.1317030813878715,False,-0.5451458883259431,False
2024-03-08,0.7,-8.1,7.3,56.0,Light freezing drizzle,Winter,0,14836.0,8248.0,1,-0.6871273489433786,0.2812318782077587,-0.6871273489433786,False,0.2812318782077587,False
2024-03-09,2.9,-9.0,10.1,77.0,Snow grains,Winter,0,21010.0,9220.0,1,0.07299742871164736,0.8058819037275223,0.07299742871164736,False,0.8058819037275223,False
2024-03-10,4.8,-8.9,14.1,86.0,Heavy snow showers,Winter,0,9699.0,5190.0,1,-1.3195797271121295,-1.369364601256683,-1.3195797271121295,False,-1.369364601256683,False
2024-03-11,3.0,-7.5,12.1,71.0,Slight snow fall,Winter,0,10752.0,5774.0,1,-1.1899374545383132,-1.0541427752242323,-1.1899374545383132,False,-1.0541427752242323,False
2024-03-12,3.8,-8.5,3.0,45.0,Fog,Winter,0,11536.0,5996.0,1,-1.093413673248786,-0.9343153002598418,-1.093413673248786,False,-0.9343153002598418,False
2024-03-13,5.5,-2.5,11.4,45.0,Fog,Winter,0,13491.0,6411.0,1,-0.852719805364825,-0.7103134889525353,-0.852719805364825,False,-0.7103134889525353,False
2024-03-14,3.7,-1.5,1.5,71.0,Slight snow fall,Winter,0,12286.0,6792.0,1,-1.0010758722702844,-0.5046636332704058,-1.0010758722702844,False,-0.5046636332704058,False
2024-03-15,4.4,-2.5,10.2,71.0,Slight snow fall,Winter,0,15253.0,7667.0,1,-0.6357875315993317,-0.03237065762247038,-0.6357875315993317,False,-0.03237065762247038,False
2024-03-16,8.9,9.1,1.4,80.0,Light rain showers,Rainy,0,26483.0,9978.0,2,0.7468171417187671,1.2150225614888195,0.7468171417187671,False,1.2150225614888195,False
2024-03-17,11.3,6.0,2.7,51.0,Light drizzle,Rainy,0,13167.0,6438.0,2,-0.8926097353875377,-0.6957398771325419,-0.8926097353875377,False,-0.6957398771325419,False
2024-03-18,13.1,11.5,3.3,80.0,Light rain showers,Rainy,0,17492.0,6154.0,2,-0.3601284164115113,-0.8490326829428432,-0.3601284164115113,False,-0.8490326829428432,False
2024-03-19,17.5,7.5,2.6,81.0,Moderate rain showers,Rainy,0,18298.0,6808.0,2,-0.2608960596266148,-0.4960274188585578,-0.2608960596266148,False,-0.4960274188585578,False
2024-03-20,10.0,6.0,4.5,51.0,Light drizzle,Rainy,0,12291.0,6107.0,2,-1.0004602869304278,-0.8744015627776466,-1.0004602869304278,False,-0.8744015627776466,False
2024-03-21,17.1,8.4,9.5,82.0,Heavy rain showers,Rainy,0,12437.0,6565.0,2,-0.9824851950066127,-0.6271899252384987,-0.9824851950066127,False,-0.6271899252384987,False
2024-03-22,12.2,3.6,5.9,51.0,Light drizzle,Rainy,0,21136.0,8297.0,2,0.08851017927603565,0.3076802848440431,0.08851017927603565,False,0.3076802848440431,False
2024-03-23,12.5,11.0,3.4,82.0,Heavy rain showers,Rainy,0,19813.0,9303.0,2,-0.07437370165004134,0.8506822659889837,-0.07437370165004134,False,0.8506822659889837,False
2024-03-24,11.4,10.5,6.7,63.0,Rain,Rainy,0,15026.0,6940.0,2,-0.6637351060288248,-0.4247786499608121,-0.6637351060288248,False,-0.4247786499608121,False
2024-03-25,13.8,6.4,1.6,61.0,Light rain,Rainy,0,16348.0,6219.0,2,-0.5009743421707192,-0.8139480618947109,-0.5009743421707192,False,-0.8139480618947109,False
2024-03-26,18.8,2.8,9.1,61.0,Light rain,Rainy,0,21546.0,7223.0,2,0.13898817714428324,-0.2720256075512513,0.13898817714428324,False,-0.2720256075512513,False
2024-03-27,14.4,10.2,10.0,81.0,Moderate rain showers,Rainy,0,21257.0,7409.0,2,0.10340734450056725,-0.17162961501351875,0.10340734450056725,False,-0.17162961501351875,False
2024-03-28,17.8,4.8,4.4,61.0,Light rain,Rainy,0,22679.0,7765.0,2,0.27847981515580644,0.020526155650098382,0.27847981515580644,False,0.020526155650098382,False
2024-03-29,11.2,10.0,8.3,63.0,Rain,Rainy,0,32388.0,10281.0,2,1.4738234280895037,1.3785708719131904,1.4738234280895037,False,1.3785708719131904,False
2024-03-30,8.9,7.0,7.7,81.0,Moderate rain showers,Rainy,0,38846.0,10534.0,2,2.268913453048389,1.5151310123005362,2.268913453048389,True,1.5151310123005362,False
2024-03-31,16.3,5.1,5.2,63.0,Rain,Rainy,0,25028.0,8136.0,2,0.5676818078204737,0.22077837732482297,0.5676818078204737,False,0.22077837732482297,False
2024-04-01,15.3,5.8,6.5,51.0,Light drizzle,Rainy,0,14552.0,6845.0,2,-0.7220925962472379,-0.4760561730311594,-0.7220925962472379,False,-0.4760561730311594,False
2024-04-02,9.3,3.2,0.8,82.0,Heavy rain showers,Rainy,0,21304.0,7977.0,2,0.10919384669522003,0.13495599660708388,0.10919384669522003,False,0.13495599660708388,False
2024-04-03,14.1,10.1,9.9,61.0,Light rain,Rainy,0,17178.0,8213.0,2,-0.3987871757545106,0.2623401591818413,-0.3987871757545106,False,0.2623401591818413,False
2024-04-04,12.1,8.8,7.9,63.0,Rain,Rainy,0,17033.0,8001.0,2,-0.4166391506103543,0.1479103182248558,-0.4166391506103543,False,0.1479103182248558,False
2024-04-05,18.7,11.0,2.1,82.0,Heavy rain showers,Rainy,0,19855.0,9064.0,2,-0.06920278479524525,0.7216788132120048,-0.06920278479524525,False,0.7216788132120048,False
2024-04-06,19.9,2.6,5.5,61.0,Light rain,Rainy,0,26525.0,9090.0,2,0.7519880585735632,0.7357126616312577,0.7519880585735632,False,0.7357126616312577,False
2024-04-07,12.9,7.1,6.5,80.0,Light rain showers,Rainy,0,13798.0,6382.0,2,-0.8149228654976249,-0.7259666275740098,-0.8149228654976249,False,-0.7259666275740098,False
2024-04-08,19.3,5.2,5.2,82.0,Heavy rain showers,Rainy,0,17102.0,7020.0,2,-0.40814407292033217,-0.38159757790157234,-0.40814407292033217,False,-0.38159757790157234,False
2024-04-09,14.9,5.4,2.4,81.0,Moderate rain showers,Rainy,0,13300.0,6729.0,2,-0.8762351653473501,-0.5386687275170571,-0.8762351653473501,False,-0.5386687275170571,False
2024-04-10,19.1,10.2,7.1,81.0,Moderate rain showers,Rainy,0,15117.0,7732.0,2,-0.6525314528434333,0.0027139634256619625,-0.6525314528434333,False,0.0027139634256619625,False
2024-04-11,18.9,3.3,4.9,61.0,Light rain,Rainy,1,18994.0,8530.0,2,-0.1752065803185652,0.433445157216579,-0.1752065803185652,False,0.433445157216579,False
2024-04-12,9.2,11.5,5.1,51.0,Light drizzle,Rainy,0,19152.0,9292.0,2,-0.15575408357909418,0.8447448685808382,-0.15575408357909418,False,0.8447448685808382,False
2024-04-13,15.2,10.7,8.0,80.0,Light rain showers,Rainy,0,29218.0,9976.0,2,1.08354232262037,1.2139430346873386,1.08354232262037,False,1.2139430346873386,False
2024-04-14,19.8,9.1,3.7,81.0,Moderate rain showers,Rainy,0,17578.0,6800.0,2,-0.3495403485659764,-0.5003455260644818,-0.3495403485659764,False,-0.5003455260644818,False
2024-04-15,12.7,6.2,2.3,80.0,Light rain showers,Rainy,0,13499.0,6100.0,2,-0.8517348688210543,-0.8781799065828301,-0.8517348688210543,False,-0.8781799065828301,False
2024-04-16,15.5,10.5,6.1,61.0,Light rain,Rainy,0,20956.0,6327.0,2,0.06634910704119523,-0.7556536146147371,0.06634910704119523,False,-0.7556536146147371,False
2024-04-17,15.3,11.9,1.6,63.0,Rain,Rainy,0,18584.0,5564.0,2,-0.22568457818681278,-1.1674930893797368,-0.22568457818681278,False,-1.1674930893797368,False
2024-04-18,19.3,9.6,0.1,82.0,Heavy rain showers,Rainy,0,15925.0,5916.0,2,-0.5530528619225942,-0.9774963723190816,-0.5530528619225942,False,-0.9774963723190816,False
2024-04-19,14.6,4.4,6.2,61.0,Light rain,Rainy,0,25194.0,8702.0,2,0.5881192411037155,0.5262844621439446,0.5881192411037155,False,0.5262844621439446,False
2024-04-20,11.2,9.0,6.0,82.0,Heavy rain showers,Rainy,0,36252.0,12417.0,2,1.9495477787307445,2.5315054958948933,1.9495477787307445,False,2.5315054958948933,True
2024-04-21,14.6,3.1,2.4,81.0,Moderate rain showers,Rainy,0,25131.0,8559.0,2,0.5803628658215213,0.44909829583805344,0.5803628658215213,False,0.44909829583805344,False
2024-04-22,14.9,11.7,7.9,82.0,Heavy rain showers,Rainy,0,14001.0,5376.0,2,-0.7899301006994438,-1.2689686087189502,-0.7899301006994438,False,-1.2689686087189502,False
2024-04-23,18.4,10.9,9.5,80.0,Light rain showers,Rainy,0,13795.0,6101.0,2,-0.815292216701539,-0.8776401431820896,-0.815292216701539,False,-0.8776401431820896,False
2024-04-24,19.4,5.0,2.3,80.0,Light rain showers,Rainy,0,13671.0,6313.0,2,-0.8305587331299846,-0.7632103022251041,-0.8305587331299846,False,-0.7632103022251041,False
2024-04-25,13.2,4.0,5.8,51.0,Light drizzle,Rainy,0,15019.0,6130.0,2,-0.6645969255046242,-0.8619870045606152,-0.6645969255046242,False,-0.8619870045606152,False
2024-04-26,12.2,4.2,5.2,80.0,Light rain showers,Rainy,0,18150.0,8057.0,2,-0.27911738568637245,0.17813706866632367,-0.27911738568637245,False,0.17813706866632367,False
2024-04-27,18.0,11.6,2.2,80.0,Light rain showers,Rainy,0,26803.0,12775.0,2,0.7862146034695945,2.724740793359991,0.7862146034695945,False,2.724740793359991,True
2024-04-28,19.9,9.7,7.2,63.0,Rain,Rainy,0,11489.0,6159.0,2,-1.0992001754434388,-0.8463338659391407,-1.0992001754434388,False,-0.8463338659391407,False
2024-04-29,19.3,10.3,7.7,63.0,Rain,Rainy,0,14235.0,6426.0,2,-0.7611207067941513,-0.7022170379414279,-0.7611207067941513,False,-0.7022170379414279,False
2024-04-30,13.4,3.4,7.1,80.0,Light rain showers,Rainy,0,19996.0,7266.0,2,-0.05184327821128693,-0.2488157813194099,-0.05184327821128693,False,-0.2488157813194099,False
2024-05-01,13.7,11.5,4.5,80.0,Light rain showers,Rainy,0,15617.0,6851.0,2,-0.5909729188577655,-0.4728175926267164,-0.5909729188577655,False,-0.4728175926267164,False
2024-05-02,15.8,10.4,2.8,81.0,Moderate rain showers,Rainy,0,20500.0,7975.0,2,0.010207724046266207,0.13387646980560286,0.010207724046266207,False,0.13387646980560286,False
2024-05-03,12.0,10.5,5.2,51.0,Light drizzle,Rainy,0,15600.0,7551.0,2,-0.5930659090132782,-0.0949832121083681,-0.5930659090132782,False,-0.0949832121083681,False
2024-05-04,17.4,7.7,9.6,80.0,Light rain showers,Rainy,0,30879.0,10043.0,2,1.2880397725207584,1.2501071825369519,1.2880397725207584,False,1.2501071825369519,False
2024-05-05,10.5,9.6,5.8,80.0,Light rain showers,Rainy,0,21842.0,8477.0,2,0.17543082926379858,0.40483769697733263,0.17543082926379858,False,0.40483769697733263,False
2024-05-06,14.9,9.7,7.5,81.0,Moderate rain showers,Rainy,0,20047.0,6179.0,2,-0.045564307744748817,-0.8355385979243307,-0.045564307744748817,False,-0.8355385979243307,False
2024-05-07,13.1,2.2,2.8,51.0,Light drizzle,Rainy,0,17083.0,5908.0,2,-0.4104832972117875,-0.9818144795250057,-0.4104832972117875,False,-0.9818144795250057,False
2024-05-08,10.2,9.2,5.0,82.0,Heavy rain showers,Rainy,0,17081.0,7070.0,2,-0.4107295313477302,-0.3546094078645474,-0.4107295313477302,False,-0.3546094078645474,False
2024-05-09,17.1,9.7,1.3,81.0,Moderate rain showers,Rainy,0,20001.0,7120.0,2,-0.05122769287143025,-0.32762123782752256,-0.05122769287143025,False,-0.32762123782752256,False
2024-05-10,19.4,8.3,8.6,82.0,Heavy rain showers,Rainy,0,19556.0,7545.0,2,-0.1060147881186746,-0.09822179251281109,-0.1060147881186746,False,-0.09822179251281109,False
2024-05-11,9.1,10.0,1.6,80.0,Light rain showers,Rainy,0,36168.0,10832.0,2,1.9392059450211523,1.6759805057212045,1.9392059450211523,False,1.6759805057212045,False
2024-05-12,8.3,5.2,4.7,81.0,Moderate rain showers,Rainy,0,18455.0,6858.0,2,-0.24156667995511508,-0.4690392488215329,-0.24156667995511508,False,-0.4690392488215329,False
2024-05-13,12.5,9.6,0.2,63.0,Rain,Rainy,0,19282.0,6910.0,2,-0.13974886474282056,-0.44097155198302707,-0.13974886474282056,False,-0.44097155198302707,False
2024-05-14,17.1,8.9,8.4,63.0,Rain,Rainy,0,12633.0,5681.0,2,-0.9583542496842309,-1.1043407714930986,-0.9583542496842309,False,-1.1043407714930986,False
2024-05-15,10.4,3.5,9.0,82.0,Heavy rain showers,Rainy,0,15356.0,7078.0,2,-0.6231064735982841,-0.35029130065862346,-0.6231064735982841,False,-0.35029130065862346,False
2024-05-16,13.7,10.6,7.1,80.0,Light rain showers,Rainy,0,16811.0,7414.0,2,-0.4439711396999908,-0.16893079800981628,-0.4439711396999908,False,-0.16893079800981628,False
2024-05-17,19.4,5.4,7.3,82.0,Heavy rain showers,Rainy,0,19973.0,8585.0,2,-0.05467497077462765,0.4631321442573064,-0.05467497077462765,False,0.4631321442573064,False
2024-05-18,12.0,10.0,5.5,82.0,Heavy rain showers,Rainy,0,27248.0,10164.0,2,0.8410016987168388,1.3154185540265522,0.8410016987168388,False,1.3154185540265522,False
2024-05-19,19.2,6.0,3.6,51.0,Light drizzle,Rainy,0,18760.0,7296.0,2,-0.20401597422385773,-0.23262287929719497,-0.20401597422385773,False,-0.23262287929719497,False
2024-05-20,9.8,11.3,7.6,51.0,Light drizzle,Rainy,0,14551.0,6581.0,2,-0.7222157133152093,-0.6185537108266508,-0.7222157133152093,False,-0.6185537108266508,False
2024-05-21,19.2,2.1,5.5,63.0,Rain,Rainy,0,16276.0,6529.0,2,-0.5098387710646554,-0.6466214076651566,-0.5098387710646554,False,-0.6466214076651566,False
2024-05-22,8.0,8.4,8.5,61.0,Light rain,Rainy,0,12823.0,5373.0,2,-0.9349620067696771,-1.2705878989211719,-0.9349620067696771,False,-1.2705878989211719,False
2024-05-23,18.6,6.2,6.4,80.0,Light rain showers,Rainy,0,15745.0,6716.0,2,-0.5752139341574346,-0.5456856517266836,-0.5752139341574346,False,-0.5456856517266836,False
2024-05-24,14.9,8.9,0.8,81.0,Moderate rain showers,Rainy,0,19369.0,8199.0,2,-0.12903767982931436,0.25478347157147435,-0.12903767982931436,False,0.25478347157147435,False
2024-05-25,9.9,8.7,8.8,63.0,Rain,Rainy,0,24864.0,11409.0,2,0.5474906086731748,1.9874239879484716,0.5474906086731748,False,1.9874239879484716,False
2024-05-26,9.9,6.3,3.3,82.0,Heavy rain showers,Rainy,0,19460.0,8078.0,2,-0.11783402664392281,0.18947210008187412,-0.11783402664392281,False,0.18947210008187412,False
2024-05-27,10.8,10.6,0.7,80.0,Light rain showers,Rainy,0,22133.0,8282.0,2,0.21125789604345724,0.29958383383293563,0.21125789604345724,False,0.29958383383293563,False
2024-05-28,9.4,4.3,1.0,61.0,Light rain,Rainy,0,21427.0,8030.0,2,0.12433724605569431,0.16356345684633025,0.12433724605569431,False,0.16356345684633025,False
2024-05-29,16.4,3.6,7.1,81.0,Moderate rain showers,Rainy,0,25364.0,9051.0,2,0.6090491426588426,0.7146618890023783,0.6090491426588426,False,0.7146618890023783,False
2024-05-30,17.9,6.9,0.0,81.0,Moderate rain showers,Rainy,0,21795.0,8671.0,2,0.1696443270691458,0.5095517967209892,0.1696443270691458,False,0.5095517967209892,False
2024-05-31,19.3,8.2,0.5,81.0,Moderate rain showers,Rainy,1,25269.0,8942.0,2,0.5973530212015656,0.655827678321664,0.5973530212015656,False,0.655827678321664,False
2024-06-01,17.9,5.5,9.6,81.0,Moderate rain showers,Rainy,0,32084.0,12185.0,2,1.4363958394262177,2.4062803869230978,1.4363958394262177,False,2.4062803869230978,True
2024-06-02,12.0,3.0,9.2,82.0,Heavy rain showers,Rainy,0,20943.0,7985.0,2,0.06474858515756787,0.13927410381300784,0.06474858515756787,False,0.13927410381300784,False
2024-06-03,15.3,7.9,4.7,63.0,Rain,Rainy,0,19283.0,6691.0,2,-0.1396257476748492,-0.559179736745196,-0.1396257476748492,False,-0.559179736745196,False
2024-06-04,17.9,12.0,0.3,81.0,Moderate rain showers,Rainy,0,12708.0,6706.0,2,-0.9491204695863807,-0.5510832857340886,-0.9491204695863807,False,-0.5510832857340886,False
2024-06-05,12.4,11.6,0.5,81.0,Moderate rain showers,Rainy,0,20597.0,8160.0,2,0.02215007963948576,0.23373269894259494,0.02215007963948576,False,0.23373269894259494,False
2024-06-06,17.1,6.7,8.7,51.0,Light drizzle,Rainy,0,21573.0,8411.0,2,0.1423123379795093,0.3692133125284598,0.1423123379795093,False,0.3692133125284598,False
2024-06-07,10.5,2.5,1.8,81.0,Moderate rain showers,Rainy,0,21316.0,8282.0,2,0.11067125151087605,0.29958383383293563,0.11067125151087605,False,0.29958383383293563,False
2024-06-08,16.6,6.0,8.0,63.0,Rain,Rainy,0,26901.0,10518.0,2,0.7982800761307853,1.5064947978886882,0.7982800761307853,False,1.5064947978886882,False
2024-06-09,13.4,8.6,3.8,61.0,Light rain,Rainy,0,15334.0,6753.0,2,-0.6258150490936535,-0.5257144058992852,-0.6258150490936535,False,-0.5257144058992852,False
2024-06-10,10.6,6.9,5.0,80.0,Light rain showers,Rainy,0,16000.0,6614.0,2,-0.5438190818247439,-0.6007415186022144,-0.5438190818247439,False,-0.6007415186022144,False
2024-06-11,15.4,7.2,0.8,82.0,Heavy rain showers,Rainy,0,14953.0,7090.0,2,-0.6727226519907323,-0.34381413984973747,-0.6727226519907323,False,-0.34381413984973747,False
2024-06-12,16.3,5.4,2.3,61.0,Light rain,Rainy,0,15902.0,6851.0,2,-0.5558845544859349,-0.4728175926267164,-0.5558845544859349,False,-0.4728175926267164,False
2024-06-13,16.6,10.2,9.0,82.0,Heavy rain showers,Rainy,0,15086.0,7533.0,2,-0.6563480819505447,-0.10469895332169706,-0.6563480819505447,False,-0.10469895332169706,False
2024-06-14,16.1,10.6,6.2,63.0,Rain,Rainy,0,16194.0,8221.0,2,-0.5199343706383048,0.2666582663877653,-0.5199343706383048,False,0.2666582663877653,False
2024-06-15,17.4,10.6,3.7,80.0,Light rain showers,Rainy,0,21035.0,10009.0,2,0.07607535541093075,1.2317552269117749,0.07607535541093075,False,1.2317552269117749,False
2024-06-16,27.2,19.6,6.2,1.0,Mainly clear,Summer,0,18154.0,7094.0,3,-0.2786249174144871,-0.3416550862467755,-0.2786249174144871,False,-0.3416550862467755,False
2024-06-17,28.1,23.0,9.0,0.0,Clear sky,Summer,0,15266.0,6626.0,3,-0.6341870097157043,-0.5942643577933283,-0.6341870097157043,False,-0.5942643577933283,False
2024-06-18,29.3,14.4,1.3,0.0,Clear sky,Summer,0,17161.0,7302.0,3,-0.40088016591002334,-0.229384298892752,-0.40088016591002334,False,-0.229384298892752,False
2024-06-19,23.8,20.3,8.5,0.0,Clear sky,Summer,1,20020.0,7295.0,3,-0.04888846857997488,-0.2331626426979355,-0.04888846857997488,False,-0.2331626426979355,False
2024-06-20,22.1,16.7,3.3,0.0,Clear sky,Summer,0,19081.0,7663.0,3,-0.164495395405059,-0.03452971122543237,-0.164495395405059,False,-0.03452971122543237,False
2024-06-21,25.8,17.8,3.1,2.0,Partly cloudy,Summer,0,22097.0,9177.0,3,0.20682568159648915,0.7826720774956809,0.20682568159648915,False,0.7826720774956809,False
2024-06-22,22.6,23.8,4.0,2.0,Partly cloudy,Summer,0,29095.0,10127.0,3,1.0683989232598956,1.2954473081991535,1.0683989232598956,False,1.2954473081991535,False
2024-06-23,32.3,18.6,10.3,0.0,Clear sky,Summer,0,19139.0,6949.0,3,-0.15735460546272154,-0.4199207793541476,-0.15735460546272154,False,-0.4199207793541476,False
2024-06-24,26.4,15.8,8.6,0.0,Clear sky,Summer,0,16192.0,7528.0,3,-0.5201806047742475,-0.10739777032539954,-0.5201806047742475,False,-0.10739777032539954,False
2024-06-25,26.3,14.9,9.6,2.0,Partly cloudy,Summer,0,17262.0,6755.0,3,-0.38844534204491843,-0.5246348790978042,-0.38844534204491843,False,-0.5246348790978042,False
2024-06-26,23.6,18.3,5.6,0.0,Clear sky,Summer,0,20749.0,7681.0,3,0.04086387397112877,-0.024813970012103413,0.04086387397112877,False,-0.024813970012103413,False
2024-06-27,31.6,14.8,3.9,0.0,Clear sky,Summer,0,18464.0,7690.0,3,-0.24045862634337306,-0.019956099405438937,-0.24045862634337306,False,-0.019956099405438937,False
2024-06-28,23.2,15.8,6.7,1.0,Mainly clear,Summer,0,19492.0,8191.0,3,-0.11389428046884008,0.25046536436555034,-0.11389428046884008,False,0.25046536436555034,False
2024-06-29,24.2,14.8,5.7,0.0,Clear sky,Summer,0,24010.0,10444.0,3,0.44234863262565416,1.4665523062338914,0.44234863262565416,False,1.4665523062338914,False
2024-06-30,31.1,21.8,3.9,1.0,Mainly clear,Summer,0,14247.0,7183.0,3,-0.7596433019784953,-0.2936161435808712,-0.7596433019784953,False,-0.2936161435808712,False
2024-07-01,33.7,21.3,9.9,2.0,Partly cloudy,Summer,0,14700.0,6600.0,3,-0.7038712701874802,-0.6082982062125812,-0.7038712701874802,False,-0.6082982062125812,False
2024-07-02,32.6,23.0,5.2,2.0,Partly cloudy,Summer,0,16592.0,7326.0,3,-0.4709337775857133,-0.21642997727498006,-0.4709337775857133,False,-0.21642997727498006,False
2024-07-03,30.1,22.2,11.6,2.0,Partly cloudy,Summer,0,15617.0,7380.0,3,-0.5909729188577655,-0.1872827536349932,-0.5909729188577655,False,-0.1872827536349932,False
2024-07-04,23.7,20.4,11.0,2.0,Partly cloudy,Summer,1,17282.0,7742.0,3,-0.38598300068549174,0.008111597433066938,-0.38598300068549174,False,0.008111597433066938,False
2024-07-05,31.2,18.5,6.6,2.0,Partly cloudy,Summer,0,22597.0,9825.0,3,0.26838421558215697,1.1324387611755233,0.26838421558215697,False,1.1324387611755233,False
2024-07-06,28.5,22.8,1.9,0.0,Clear sky,Summer,0,24679.0,10442.0,3,0.5247139510984776,1.4654727794324105,0.5247139510984776,False,1.4654727794324105,False
2024-07-07,25.8,23.0,7.5,0.0,Clear sky,Summer,0,15993.0,6842.0,3,-0.5446809013005434,-0.4776754632333809,-0.5446809013005434,False,-0.4776754632333809,False
2024-07-08,33.8,14.9,6.4,2.0,Partly cloudy,Summer,0,18759.0,7977.0,3,-0.20413909129182906,0.13495599660708388,-0.20413909129182906,False,0.13495599660708388,False
2024-07-09,27.0,23.3,4.8,2.0,Partly cloudy,Summer,0,13462.0,5848.0,3,-0.8562902003359937,-1.0142002835694355,-0.8562902003359937,False,-1.0142002835694355,False
2024-07-10,30.0,20.1,6.2,0.0,Clear sky,Summer,0,15780.0,7123.0,3,-0.5709048367784378,-0.32600194762530105,-0.5709048367784378,False,-0.32600194762530105,False
2024-07-11,31.1,17.3,9.7,0.0,Clear sky,Summer,0,16965.0,7550.0,3,-0.42501111123240515,-0.0955229755091086,-0.42501111123240515,False,-0.0955229755091086,False
2024-07-12,33.0,18.1,5.0,2.0,Partly cloudy,Summer,0,17306.0,8390.0,3,-0.3830281910541797,0.35787828111290937,-0.3830281910541797,False,0.35787828111290937,False
2024-07-13,24.6,19.3,6.1,0.0,Clear sky,Summer,0,22946.0,10966.0,3,0.31135207230415307,1.748308801420431,0.31135207230415307,False,1.748308801420431,False
2024-07-14,26.9,19.7,0.5,1.0,Mainly clear,Summer,0,14300.0,7182.0,3,-0.7531180973760144,-0.2941559069816117,-0.7531180973760144,False,-0.2941559069816117,False
2024-07-15,32.8,17.9,5.2,1.0,Mainly clear,Summer,0,18088.0,8709.0,3,-0.28675064390059524,0.5300628059491281,-0.28675064390059524,False,0.5300628059491281,False
2024-07-16,27.3,22.8,0.5,2.0,Partly cloudy,Summer,0,17467.0,6727.0,3,-0.36320634311079464,-0.5397482543185381,-0.36320634311079464,False,-0.5397482543185381,False
2024-07-17,23.8,17.6,7.4,2.0,Partly cloudy,Summer,0,18924.0,8215.0,3,-0.1838247750765587,0.26341968598332227,-0.1838247750765587,False,0.26341968598332227,False
2024-07-18,23.2,15.1,0.2,1.0,Mainly clear,Summer,0,20871.0,8275.0,3,0.05588415626363171,0.29580549002775214,0.05588415626363171,False,0.29580549002775214,False
2024-07-19,33.7,15.3,10.2,1.0,Mainly clear,Summer,0,24466.0,9294.0,3,0.4984900156205832,0.8458243953823191,0.4984900156205832,False,0.8458243953823191,False
2024-07-20,33.6,20.2,9.7,1.0,Mainly clear,Summer,0,27231.0,11085.0,3,0.838908708561326,1.8125406461085503,0.838908708561326,False,1.8125406461085503,False
2024-07-21,32.4,21.4,3.2,0.0,Clear sky,Summer,0,16451.0,7732.0,3,-0.4882932841696716,0.0027139634256619625,-0.4882932841696716,False,0.0027139634256619625,False
2024-07-22,31.8,23.7,10.7,1.0,Mainly clear,Summer,0,17658.0,7553.0,3,-0.33969098312826956,-0.0939036853068871,-0.33969098312826956,False,-0.0939036853068871,False
2024-07-23,22.3,14.9,5.5,2.0,Partly cloudy,Summer,0,21228.0,7823.0,3,0.09983694952939852,0.051832432893047245,0.09983694952939852,False,0.051832432893047245,False
2024-07-24,29.6,16.9,0.5,0.0,Clear sky,Summer,0,19193.0,7949.0,3,-0.1507062837922694,0.11984262138634993,-0.1507062837922694,False,0.11984262138634993,False
2024-07-25,23.0,22.4,4.6,1.0,Mainly clear,Summer,0,19078.0,8035.0,3,-0.16486474660897302,0.16626227385003273,-0.16486474660897302,False,0.16626227385003273,False
2024-07-26,32.3,18.2,0.7,0.0,Clear sky,Summer,0,24594.0,10714.0,3,0.5142490003209141,1.6122884244338258,0.5142490003209141,False,1.6122884244338258,False
2024-07-27,28.9,14.4,2.8,2.0,Partly cloudy,Summer,0,24997.0,12039.0,3,0.5638651787133624,2.327474930414985,0.5638651787133624,False,2.327474930414985,True
2024-07-28,33.8,15.8,2.5,0.0,Clear sky,Summer,0,21950.0,8418.0,3,0.18872747260470282,0.3729916563336433,0.18872747260470282,False,0.3729916563336433,False
2024-07-29,31.3,19.1,9.6,0.0,Clear sky,Summer,0,23362.0,8596.0,3,0.3625687725802287,0.4690695416654519,0.3625687725802287,False,0.4690695416654519,False
2024-07-30,26.5,19.0,6.2,1.0,Mainly clear,Summer,0,22428.0,8550.0,3,0.24757743109500124,0.44424042523138896,0.24757743109500124,False,0.44424042523138896,False
2024-07-31,23.2,21.2,9.8,1.0,Mainly clear,Summer,0,24678.0,9221.0,3,0.5245908340305063,0.8064216671282628,0.5245908340305063,False,0.8064216671282628,False
2024-08-01,31.9,18.6,2.6,0.0,Clear sky,Summer,0,26220.0,9051.0,3,0.7144373528423058,0.7146618890023783,0.7144373528423058,False,0.7146618890023783,False
2024-08-02,28.6,17.9,5.5,2.0,Partly cloudy,Summer,0,28174.0,9479.0,3,0.9550081036582956,0.9456806245193112,0.9550081036582956,False,0.9456806245193112,False
2024-08-03,33.4,22.0,6.4,0.0,Clear sky,Summer,0,32548.0,11171.0,3,1.4935221589649175,1.858960298572233,1.4935221589649175,False,1.858960298572233,False
2024-08-04,28.2,17.9,0.1,0.0,Clear sky,Summer,0,19511.0,7911.0,3,-0.11155505617738469,0.09933161215821103,-0.11155505617738469,False,0.09933161215821103,False
2024-08-05,31.6,17.8,6.1,2.0,Partly cloudy,Summer,0,19111.0,7691.0,3,-0.16080188336591894,-0.01941633600469844,-0.16080188336591894,False,-0.01941633600469844,False
2024-08-06,30.9,15.4,8.2,1.0,Mainly clear,Summer,0,21583.0,8735.0,3,0.14354350865922266,0.5440966543683811,0.14354350865922266,False,0.5440966543683811,False
2024-08-07,22.3,15.1,5.6,2.0,Partly cloudy,Summer,0,18947.0,7653.0,3,-0.18099308251321797,-0.03992734523283734,-0.18099308251321797,False,-0.03992734523283734,False
2024-08-08,31.2,16.7,7.3,2.0,Partly cloudy,Summer,0,18222.0,8034.0,3,-0.27025295679243627,0.16572251044929223,-0.27025295679243627,False,0.16572251044929223,False
2024-08-09,24.6,19.6,7.0,0.0,Clear sky,Summer,0,24404.0,8972.0,3,0.49085675740636037,0.6720205803438789,0.49085675740636037,False,0.6720205803438789,False
2024-08-10,30.7,17.0,5.6,1.0,Mainly clear,Summer,0,27456.0,10080.0,3,0.8666100488548766,1.2700784283643503,0.8666100488548766,False,1.2700784283643503,False
2024-08-11,29.7,22.6,10.7,2.0,Partly cloudy,Summer,0,20403.0,7627.0,3,-0.0017346315469533458,-0.05396119365209028,-0.0017346315469533458,False,-0.05396119365209028,False
2024-08-12,25.3,19.5,8.5,1.0,Mainly clear,Summer,0,20403.0,7620.0,3,-0.0017346315469533458,-0.05773953745727377,-0.0017346315469533458,False,-0.05773953745727377,False
2024-08-13,31.9,15.1,3.8,2.0,Partly cloudy,Summer,0,21245.0,8011.0,3,0.10192993968491122,0.1533079522322608,0.10192993968491122,False,0.1533079522322608,False
2024-08-14,33.0,17.5,4.1,1.0,Mainly clear,Summer,0,20565.0,7995.0,3,0.01821033346440302,0.14467173782041282,0.01821033346440302,False,0.14467173782041282,False
2024-08-15,26.7,15.5,1.7,2.0,Partly cloudy,Summer,0,17616.0,7933.0,3,-0.34486189998306566,0.11120640697450197,-0.34486189998306566,False,0.11120640697450197,False
2024-08-16,22.7,22.6,1.6,2.0,Partly cloudy,Summer,0,23434.0,9130.0,3,0.37143320147416486,0.7573031976608776,0.37143320147416486,False,0.7573031976608776,False
2024-08-17,26.2,22.2,11.2,0.0,Clear sky,Summer,0,25475.0,10970.0,3,0.6227151372036608,1.7504678550233932,0.6227151372036608,False,1.7504678550233932,False
2024-08-18,26.9,15.3,6.6,1.0,Mainly clear,Summer,0,19933.0,7754.0,3,-0.05959965349348108,0.01458875824195291,-0.05959965349348108,False,0.01458875824195291,False
2024-08-19,26.7,19.8,11.4,0.0,Clear sky,Summer,0,18777.0,7146.0,3,-0.20192298406834502,-0.31358738940826963,-0.20192298406834502,False,-0.31358738940826963,False
2024-08-20,23.4,20.3,3.4,1.0,Mainly clear,Summer,0,22892.0,8257.0,3,0.304703750633701,0.2860897488144232,0.304703750633701,False,0.2860897488144232,False
2024-08-21,26.1,21.9,5.6,2.0,Partly cloudy,Summer,0,19279.0,8534.0,3,-0.14011821594673454,0.43560421081954104,-0.14011821594673454,False,0.43560421081954104,False
2024-08-22,25.0,17.0,7.9,1.0,Mainly clear,Summer,0,18286.0,8598.0,3,-0.2623734644422708,0.4701490684669329,-0.2623734644422708,False,0.4701490684669329,False
2024-08-23,23.6,19.4,1.0,0.0,Clear sky,Summer,0,21107.0,9488.0,3,0.08493978430486691,0.9505384951259757,0.08493978430486691,False,0.9505384951259757,False
2024-08-24,23.4,14.8,4.0,1.0,Mainly clear,Summer,0,24593.0,11662.0,3,0.5141258832529428,2.1239841283358176,0.5141258832529428,False,2.1239841283358176,True
2024-08-25,32.0,18.2,4.6,0.0,Clear sky,Summer,0,19445.0,9018.0,3,-0.11968078266349284,0.6968496967779418,-0.11968078266349284,False,0.6968496967779418,False
2024-08-26,22.9,17.2,5.1,1.0,Mainly clear,Summer,0,19873.0,8605.0,3,-0.06698667757176122,0.4739274122721163,-0.06698667757176122,False,0.4739274122721163,False
2024-08-27,24.7,16.1,2.5,0.0,Clear sky,Summer,0,28930.0,7416.0,3,1.0480846070446252,-0.16785127120833526,1.0480846070446252,False,-0.16785127120833526,False
2024-08-28,31.4,20.2,11.8,0.0,Clear sky,Summer,0,34531.0,8190.0,3,1.737663304752076,0.24992560096480984,1.737663304752076,False,0.24992560096480984,False
2024-08-29,29.7,16.8,2.5,0.0,Clear sky,Summer,0,36753.0,7949.0,3,2.011229429784384,0.11984262138634993,2.011229429784384,True,0.11984262138634993,False
2024-08-30,27.2,21.2,7.2,2.0,Partly cloudy,Summer,0,42114.0,8222.0,3,2.6712600311787136,0.26719802978850576,2.6712600311787136,True,0.26719802978850576,False
2024-08-31,23.8,14.7,6.5,2.0,Partly cloudy,Summer,0,47217.0,9441.0,3,3.2995264290364394,0.9251696152911724,3.2995264290364394,True,0.9251696152911724,False
2024-09-01,22.4,21.6,9.6,0.0,Clear sky,Summer,0,24692.0,5765.0,3,0.526314472982105,-1.0590006458308967,0.526314472982105,False,-1.0590006458308967,False
2024-09-02,25.5,16.3,10.1,1.0,Mainly clear,Summer,0,27698.0,6695.0,3,0.8964043793039398,-0.5570206831422341,0.8964043793039398,False,-0.5570206831422341,False
2024-09-03,24.6,21.4,11.3,1.0,Mainly clear,Summer,0,31050.0,6721.0,3,1.3090927911438568,-0.542986834722981,1.3090927911438568,False,-0.542986834722981,False
2024-09-04,25.8,20.3,5.1,2.0,Partly cloudy,Summer,1,25424.0,6633.0,3,0.6164361667371226,-0.5904860139881448,0.6164361667371226,False,-0.5904860139881448,False
2024-09-05,32.4,21.5,11.1,2.0,Partly cloudy,Summer,1,25520.0,6955.0,3,0.6282554052623709,-0.41668219894970465,0.6282554052623709,False,-0.41668219894970465,False
2024-09-06,31.0,19.4,6.0,2.0,Partly cloudy,Summer,1,37200.0,8547.0,3,2.0662627591675706,0.4426211350291675,2.0662627591675706,True,0.4426211350291675,False
2024-09-07,33.4,17.3,2.2,1.0,Mainly clear,Summer,0,40816.0,10152.0,3,2.51145407695192,1.3089413932176661,2.51145407695192,True,1.3089413932176661,False
2024-09-08,27.7,20.7,6.2,0.0,Clear sky,Summer,0,23630.0,6704.0,3,0.3955641467965466,-0.5521628125355695,0.3955641467965466,False,-0.5521628125355695,False
2024-09-09,25.2,23.8,10.1,2.0,Partly cloudy,Summer,0,29120.0,7258.0,3,1.0714768499591791,-0.25313388852533386,1.0714768499591791,False,-0.25313388852533386,False
2024-09-10,24.5,18.9,11.7,2.0,Partly cloudy,Summer,0,28656.0,6920.0,3,1.0143505304204794,-0.43557391797562206,1.0143505304204794,False,-0.43557391797562206,False
2024-09-11,22.3,23.9,11.9,1.0,Mainly clear,Summer,0,23748.0,7452.0,3,0.4100919608171642,-0.14841978878167736,0.4100919608171642,False,-0.14841978878167736,False
2024-09-12,29.9,14.0,6.1,1.0,Mainly clear,Summer,0,24016.0,7262.0,3,0.44308733503348213,-0.2509748349223719,0.44308733503348213,False,-0.2509748349223719,False
2024-09-13,27.6,15.1,11.1,0.0,Clear sky,Summer,0,28902.0,8523.0,3,1.044637329141428,0.42966681341139557,1.044637329141428,False,0.42966681341139557,False
2024-09-14,28.5,18.8,0.4,2.0,Partly cloudy,Summer,0,37273.0,10336.0,3,2.075250305129478,1.4082578589539176,2.075250305129478,True,1.4082578589539176,False
2024-09-15,27.9,14.3,6.1,2.0,Partly cloudy,Summer,0,21817.0,6492.0,3,0.1723529025645152,-0.666592653492555,0.1723529025645152,False,-0.666592653492555,False
2024-09-16,13.5,11.3,7.0,51.0,Light drizzle,Autumn,0,28476.0,6921.0,4,0.9921894581856389,-0.4350341545748816,0.9921894581856389,False,-0.4350341545748816,False
2024-09-17,19.9,12.3,3.6,51.0,Light drizzle,Autumn,0,27283.0,7510.0,4,0.8453107960958356,-0.1171135115387285,0.8453107960958356,False,-0.1171135115387285,False
2024-09-18,19.4,8.3,2.5,45.0,Fog,Autumn,0,27934.0,7821.0,4,0.925460007345175,0.05075290609156625,0.925460007345175,False,0.05075290609156625,False
2024-09-19,16.9,9.3,3.7,45.0,Fog,Autumn,0,28274.0,8282.0,4,0.9673198104554291,0.29958383383293563,0.9673198104554291,False,0.29958383383293563,False
2024-09-20,19.7,8.3,6.0,3.0,Overcast,Autumn,0,32256.0,9374.0,4,1.4575719751172875,0.889005467441559,1.4575719751172875,False,0.889005467441559,False
2024-09-21,14.1,11.4,5.3,51.0,Light drizzle,Autumn,0,45485.0,11125.0,4,3.086287667310086,1.8341311821381703,3.086287667310086,True,1.8341311821381703,False
2024-09-22,15.2,12.1,0.4,45.0,Fog,Autumn,0,30332.0,7122.0,4,1.2206947363404377,-0.32654171102604157,1.2206947363404377,False,-0.32654171102604157,False
2024-09-23,10.7,11.3,5.6,3.0,Overcast,Autumn,0,26338.0,6278.0,4,0.7289651668629235,-0.7821020212510215,0.7289651668629235,False,-0.7821020212510215,False
2024-09-24,11.7,6.3,3.1,51.0,Light drizzle,Autumn,0,24864.0,7498.0,4,0.5474906086731748,-0.12359067234761446,0.5474906086731748,False,-0.12359067234761446,False
2024-09-25,11.1,10.3,7.3,3.0,Overcast,Autumn,0,25299.0,7969.0,4,0.6010465332407058,0.1306378894011599,0.6010465332407058,False,0.1306378894011599,False
2024-09-26,21.5,7.2,2.8,3.0,Overcast,Autumn,0,21977.0,6104.0,4,0.19205163343992887,-0.8760208529798681,0.19205163343992887,False,-0.8760208529798681,False
2024-09-27,11.8,9.1,5.0,3.0,Overcast,Autumn,0,35819.0,9451.0,4,1.8962380882991563,0.9305672492985773,1.8962380882991563,False,0.9305672492985773,False
2024-09-28,19.5,11.0,3.6,45.0,Fog,Autumn,0,46687.0,12223.0,4,3.2342743830116314,2.4267913961512364,3.2342743830116314,True,2.4267913961512364,True
2024-09-29,17.9,12.3,0.1,45.0,Fog,Autumn,0,26396.0,8259.0,4,0.7361059568052609,0.28716927561590416,0.7361059568052609,False,0.28716927561590416,False
2024-09-30,19.7,8.1,5.7,51.0,Light drizzle,Autumn,0,12217.0,5101.0,4,-1.0095709499603065,-1.4174035439225872,-1.0095709499603065,False,-1.4174035439225872,False
2024-10-01,20.0,8.8,6.6,3.0,Overcast,Autumn,0,18733.0,6379.0,4,-0.2073401350590838,-0.7275859177762313,-0.2073401350590838,False,-0.7275859177762313,False
2024-10-02,18.7,8.7,7.0,45.0,Fog,Autumn,0,18868.0,7565.0,4,-0.19071933088295348,-0.08742652449800113,-0.19071933088295348,False,-0.08742652449800113,False
2024-10-03,12.8,12.3,0.3,3.0,Overcast,Autumn,0,14849.0,7721.0,4,-0.6855268270597512,-0.0032234339824835107,-0.6855268270597512,False,-0.0032234339824835107,False
2024-10-04,13.0,9.1,2.1,3.0,Overcast,Autumn,0,20169.0,9335.0,4,-0.030544025452245875,0.8679546948126796,-0.030544025452245875,False,0.8679546948126796,False
2024-10-05,13.2,13.0,0.7,51.0,Light drizzle,Autumn,0,31315.0,11651.0,4,1.3417188141562606,2.118046730927672,1.3417188141562606,False,2.118046730927672,True
2024-10-06,21.8,5.2,5.7,51.0,Light drizzle,Autumn,0,15731.0,7179.0,4,-0.5769375731090333,-0.2957751971838332,-0.5769375731090333,False,-0.2957751971838332,False
2024-10-07,20.0,9.4,4.5,51.0,Light drizzle,Autumn,0,21299.0,6799.0,4,0.10857826135536335,-0.5008852894652223,0.10857826135536335,False,-0.5008852894652223,False
2024-10-08,18.3,13.0,2.3,3.0,Overcast,Autumn,0,15535.0,6859.0,4,-0.6010685184314151,-0.4684994854207924,-0.6010685184314151,False,-0.4684994854207924,False
2024-10-09,18.1,6.1,2.0,45.0,Fog,Autumn,0,17316.0,6595.0,4,-0.38179702037446633,-0.6109970232162838,-0.38179702037446633,False,-0.6109970232162838,False
2024-10-10,12.0,5.0,2.7,3.0,Overcast,Autumn,0,24691.0,7402.0,4,0.5261913559141337,-0.17540795881870225,0.5261913559141337,False,-0.17540795881870225,False
2024-10-11,13.6,9.4,6.3,45.0,Fog,Autumn,1,18527.0,9829.0,4,-0.23270225106117892,1.1345978147784854,-0.23270225106117892,False,1.1345978147784854,False
2024-10-12,13.8,7.5,3.3,3.0,Overcast,Autumn,0,37807.0,11384.0,4,2.1409948194261714,1.973929902929959,2.1409948194261714,True,1.973929902929959,False
2024-10-13,18.9,7.7,0.0,3.0,Overcast,Autumn,0,28507.0,7219.0,4,0.9960060872927503,-0.2741846611542133,0.9960060872927503,False,-0.2741846611542133,False
2024-10-14,19.8,10.2,1.4,3.0,Overcast,Autumn,0,19828.0,7717.0,4,-0.07252694563047131,-0.005382487585445501,-0.07252694563047131,False,-0.005382487585445501,False
2024-10-15,18.9,10.7,2.7,51.0,Light drizzle,Autumn,0,18696.0,7455.0,4,-0.2118954665740232,-0.14680049857945587,-0.2118954665740232,False,-0.14680049857945587,False
2024-10-16,18.9,7.5,7.7,51.0,Light drizzle,Autumn,0,21350.0,7563.0,4,0.11485723182190147,-0.08850605129948212,0.11485723182190147,False,-0.08850605129948212,False
2024-10-17,17.0,11.5,2.6,51.0,Light drizzle,Autumn,0,18051.0,7932.0,4,-0.29130597541553466,0.11066664357376148,-0.29130597541553466,False,0.11066664357376148,False
2024-10-18,21.3,13.5,4.2,51.0,Light drizzle,Autumn,0,21946.0,9833.0,4,0.18823500433281748,1.1367568683814473,0.18823500433281748,False,1.1367568683814473,False
2024-10-19,11.9,4.2,3.9,51.0,Light drizzle,Autumn,0,30394.0,11483.0,4,1.2283279945546606,2.0273664796032684,1.2283279945546606,False,2.0273664796032684,True
2024-10-20,15.0,10.9,0.2,45.0,Fog,Autumn,0,22989.0,7439.0,4,0.3166461062269205,-0.15543671299130382,0.3166461062269205,False,-0.15543671299130382,False
2024-10-21,12.8,4.1,7.6,3.0,Overcast,Autumn,0,20802.0,7562.0,4,0.04738907857360956,-0.08904581470022263,0.04738907857360956,False,-0.08904581470022263,False
2024-10-22,15.7,8.2,3.1,51.0,Light drizzle,Autumn,0,18987.0,7860.0,4,-0.17606839979436456,0.07180367872044566,-0.17606839979436456,False,0.07180367872044566,False
2024-10-23,13.6,4.9,4.6,3.0,Overcast,Autumn,0,20269.0,8094.0,4,-0.018232318655112316,0.19810831449372207,-0.018232318655112316,False,0.19810831449372207,False
2024-10-24,11.1,12.9,4.3,45.0,Fog,Autumn,0,21186.0,8206.0,4,0.09466603267460243,0.2585618153766578,0.09466603267460243,False,0.2585618153766578,False
2024-10-25,17.0,12.6,7.9,45.0,Fog,Autumn,0,23262.0,9581.0,4,0.3502570657830951,1.000736491394842,0.3502570657830951,False,1.000736491394842,False
2024-10-26,10.2,8.1,3.1,45.0,Fog,Autumn,0,32163.0,12583.0,4,1.4461220877959533,2.6211062204178157,1.4461220877959533,False,2.6211062204178157,True
2024-10-27,14.0,10.1,4.1,3.0,Overcast,Autumn,0,20805.0,9307.0,4,0.047758429777523564,0.8528413195919456,0.047758429777523564,False,0.8528413195919456,False
2024-10-28,18.6,11.2,6.1,3.0,Overcast,Autumn,0,24423.0,9474.0,4,0.49319598169781576,0.9429818075156088,0.49319598169781576,False,0.9429818075156088,False
2024-10-29,15.1,5.8,5.7,3.0,Overcast,Autumn,0,22643.0,10078.0,4,0.2740476007088384,1.2689989015628693,0.2740476007088384,False,1.2689989015628693,False
2024-10-30,15.7,4.7,4.6,51.0,Light drizzle,Autumn,0,22360.0,9773.0,4,0.2392054704729504,1.1043710643370175,0.2392054704729504,False,1.1043710643370175,False
2024-10-31,13.2,4.8,5.2,51.0,Light drizzle,Autumn,0,22697.0,9776.0,4,0.28069592237929053,1.105990354539239,0.28069592237929053,False,1.105990354539239,False
2024-11-01,18.7,10.5,6.4,51.0,Light drizzle,Autumn,0,28036.0,10815.0,4,0.9380179482782512,1.6668045279086159,0.9380179482782512,False,1.6668045279086159,False
2024-11-02,18.3,12.4,7.5,3.0,Overcast,Autumn,0,27480.0,11106.0,4,0.8695648584861887,1.8238756775241007,0.8695648584861887,False,1.8238756775241007,False
2024-11-03,13.0,9.5,4.8,3.0,Overcast,Autumn,0,16532.0,7256.0,4,-0.47832080166399343,-0.2542134153268149,-0.47832080166399343,False,-0.2542134153268149,False
2024-11-04,21.3,5.7,6.0,51.0,Light drizzle,Autumn,0,15826.0,6284.0,4,-0.5652414516517563,-0.7788634408465785,-0.5652414516517563,False,-0.7788634408465785,False
2024-11-05,12.9,7.5,1.7,3.0,Overcast,Autumn,0,16458.0,6858.0,4,-0.4874314646938723,-0.4690392488215329,-0.4874314646938723,False,-0.4690392488215329,False
2024-11-06,11.3,5.0,1.6,51.0,Light drizzle,Autumn,0,15865.0,7286.0,4,-0.5604398860008742,-0.23802051330459995,-0.5604398860008742,False,-0.23802051330459995,False
2024-11-07,11.3,7.3,5.9,51.0,Light drizzle,Autumn,0,15096.0,7350.0,4,-0.6551169112708314,-0.2034756556572081,-0.6551169112708314,False,-0.2034756556572081,False
2024-11-08,12.2,11.8,6.4,51.0,Light drizzle,Autumn,0,19810.0,8934.0,4,-0.07474305285395536,0.65150957111574,-0.07474305285395536,False,0.65150957111574,False
2024-11-09,21.1,4.3,6.3,51.0,Light drizzle,Autumn,0,25130.0,11215.0,4,0.58023974875355,1.882709888204815,0.58023974875355,False,1.882709888204815,False
2024-11-10,13.6,4.3,6.1,3.0,Overcast,Autumn,0,16358.0,7871.0,4,-0.49974317149100583,0.07774107612859113,-0.49974317149100583,False,0.07774107612859113,False
2024-11-11,13.8,10.2,5.6,45.0,Fog,Autumn,1,14310.0,6852.0,4,-0.7518869266963011,-0.4722778292259759,-0.7518869266963011,False,-0.4722778292259759,False
2024-11-12,13.9,12.6,5.5,51.0,Light drizzle,Autumn,0,13067.0,6767.0,4,-0.9049214421846713,-0.5181577182889182,-0.9049214421846713,False,-0.5181577182889182,False
2024-11-13,7.7,3.2,0.0,3.0,Overcast,Autumn,0,16189.0,7684.0,4,-0.5205499559781616,-0.02319467980988192,-0.5205499559781616,False,-0.02319467980988192,False
2024-11-14,8.3,4.7,0.0,3.0,Overcast,Autumn,0,26198.0,8030.0,4,0.7117287773469364,0.16356345684633025,0.7117287773469364,False,0.16356345684633025,False
2024-11-15,9.3,5.0,0.0,3.0,Overcast,Autumn,0,27710.0,10519.0,4,0.8978817841195958,1.5070345612894287,0.8978817841195958,False,1.5070345612894287,False
2024-11-16,8.0,5.8,2.1,61.0,Light rain,Rainy,0,44552.0,14233.0,2,2.97141944289283,3.511715831639637,2.97141944289283,True,3.511715831639637,True
2024-11-17,7.2,4.4,4.8,80.0,Light rain showers,Rainy,0,33517.0,9209.0,2,1.6128225978291417,0.7999445063193769,1.6128225978291417,False,0.7999445063193769,False
2024-11-18,6.1,1.5,0.0,3.0,Overcast,Autumn,0,25711.0,7382.0,4,0.651770765244896,-0.18620322683351218,0.651770765244896,False,-0.18620322683351218,False
2024-11-19,8.2,0.9,20.3,63.0,Rain,Rainy,0,22840.0,6797.0,2,0.2983016630991915,-0.5019648162667033,0.2983016630991915,False,-0.5019648162667033,False
2024-11-20,3.4,0.9,1.1,85.0,Light snow showers,Winter,0,26486.0,7769.0,1,0.7471864929226811,0.022685209253060373,0.7471864929226811,False,0.022685209253060373,False
2024-11-21,3.2,-0.6,0.4,85.0,Light snow showers,Winter,0,26097.0,7899.0,1,0.6992939534818315,0.09285445134932506,0.6992939534818315,False,0.09285445134932506,False
2024-11-22,2.7,-0.1,0.1,80.0,Light rain showers,Rainy,0,24647.0,9529.0,2,0.5207742049233949,0.9726687945563361,0.5207742049233949,False,0.9726687945563361,False
2024-11-23,4.7,0.0,9.0,85.0,Light snow showers,Winter,0,19169.0,10998.0,1,-0.15366109342358147,1.765581230244127,-0.15366109342358147,False,1.765581230244127,False
2024-11-24,12.1,4.5,2.0,61.0,Light rain,Rainy,1,33146.0,9337.0,2,1.5671461656117762,0.8690342216141606,1.5671461656117762,False,0.8690342216141606,False
2024-11-25,13.2,9.3,1.3,61.0,Light rain,Rainy,1,27768.0,7625.0,2,0.9050225740619333,-0.05504072045357128,0.9050225740619333,False,-0.05504072045357128,False
2024-11-26,10.9,5.2,1.2,61.0,Light rain,Rainy,0,28037.0,7620.0,2,0.9381410653462225,-0.05773953745727377,0.9381410653462225,False,-0.05773953745727377,False
2024-11-27,8.8,4.2,6.4,61.0,Light rain,Rainy,0,26019.0,8208.0,2,0.6896908221800674,0.25964134217813883,0.6896908221800674,False,0.25964134217813883,False
2024-11-28,6.5,4.0,6.1,80.0,Light rain showers,Rainy,0,24535.0,8279.0,2,0.5069850933106054,0.2979645436307141,0.5069850933106054,False,0.2979645436307141,False
2024-11-29,5.5,2.5,0.0,3.0,Overcast,Autumn,0,42868.0,11389.0,4,2.7640903004291006,1.9766287199336616,2.7640903004291006,True,1.9766287199336616,False
2024-11-30,4.6,-0.8,0.0,3.0,Overcast,Autumn,0,46034.0,15019.0,4,3.153878937626349,3.9359698646216676,3.153878937626349,True,3.9359698646216676,True
2024-12-01,4.4,-1.3,0.0,3.0,Overcast,Autumn,0,37996.0,9240.0,4,2.164263945272754,0.8166771717423323,2.164263945272754,True,0.8166771717423323,False
2024-12-02,6.2,-0.5,0.2,80.0,Light rain showers,Rainy,0,36795.0,7673.0,2,2.0164003466391796,-0.029132077218027394,2.0164003466391796,True,-0.029132077218027394,False
2024-12-03,7.8,4.0,2.0,80.0,Light rain showers,Rainy,0,34920.0,8090.0,2,1.7855558441929256,0.1959492608907601,1.7855558441929256,False,0.1959492608907601,False
2024-12-04,4.8,3.9,1.3,61.0,Light rain,Rainy,0,34526.0,8293.0,2,1.7370477194122194,0.3055212312410811,1.7370477194122194,False,0.3055212312410811,False
2024-12-05,4.6,2.3,1.1,61.0,Light rain,Rainy,0,30340.0,8108.0,2,1.2216796728842085,0.20566500210408906,1.2216796728842085,False,0.20566500210408906,False
2024-12-06,6.1,2.7,10.8,80.0,Light rain showers,Rainy,0,39023.0,10655.0,2,2.2907051740793154,1.5804423837901365,2.2907051740793154,True,1.5804423837901365,False
2024-12-07,5.8,4.5,3.5,61.0,Light rain,Rainy,0,28051.0,11118.0,2,0.9398647042978213,1.8303528383329868,0.9398647042978213,False,1.8303528383329868,False
2024-12-08,4.8,1.4,2.3,61.0,Light rain,Rainy,0,35457.0,8382.0,2,1.8516697096935326,0.3535601739069854,1.8516697096935326,False,0.3535601739069854,False
2024-12-09,4.7,1.5,1.8,61.0,Light rain,Rainy,0,32607.0,8216.0,2,1.5007860659752263,0.2639594493840628,1.5007860659752263,False,0.2639594493840628,False
2024-12-10,3.5,2.2,0.0,61.0,Light rain,Rainy,0,33893.0,8289.0,2,1.6591146153863638,0.3033621776381191,1.6591146153863638,False,0.3033621776381191,False
2024-12-11,3.4,1.3,0.0,3.0,Overcast,Autumn,0,34877.0,8565.0,4,1.780261810270158,0.45233687624249647,1.780261810270158,False,0.45233687624249647,False
2024-12-12,2.3,0.3,0.0,3.0,Overcast,Autumn,0,32392.0,9011.0,4,1.4743158963613892,0.6930713529727583,1.4743158963613892,False,0.6930713529727583,False
2024-12-13,2.4,-1.4,0.0,3.0,Overcast,Autumn,0,34771.0,10919.0,4,1.7672114010651965,1.7229399215856278,1.7672114010651965,False,1.7229399215856278,False
2024-12-14,4.3,-1.3,0.8,61.0,Light rain,Rainy,0,40235.0,12862.0,2,2.439923060460574,2.7717002092244147,2.439923060460574,True,2.7717002092244147,True
2024-12-15,10.1,4.3,2.8,61.0,Light rain,Rainy,0,17114.0,9738.0,2,-0.4066666681046761,1.0854793453111,-0.4066666681046761,False,1.0854793453111,False
2024-12-16,10.9,8.7,0.0,61.0,Light rain,Rainy,0,33875.0,8801.0,2,1.6568985081628798,0.5797210388172539,1.6568985081628798,False,0.5797210388172539,False
2024-12-17,9.4,6.3,0.1,61.0,Light rain,Rainy,0,27509.0,8884.0,2,0.8731352534573574,0.6245214010787151,0.8731352534573574,False,0.6245214010787151,False
2024-12-18,11.6,5.9,0.6,61.0,Light rain,Rainy,0,30691.0,8016.0,2,1.2648937637421473,0.15600676923596327,1.2648937637421473,False,0.15600676923596327,False
2024-12-19,12.9,5.5,3.5,80.0,Light rain showers,Rainy,0,26706.0,7967.0,2,0.7742722478763749,0.1295583625996789,0.7742722478763749,False,0.1295583625996789,False
2024-12-20,6.1,2.1,0.0,3.0,Overcast,Autumn,0,33238.0,9351.0,4,1.578472935865139,0.8765909092245275,1.578472935865139,False,0.8765909092245275,False
2024-12-21,7.0,2.5,3.0,61.0,Light rain,Rainy,0,47251.0,10969.0,2,3.303712409347465,1.7499280916226525,3.303712409347465,True,1.7499280916226525,False
2024-12-22,7.2,3.5,2.2,80.0,Light rain showers,Rainy,0,36708.0,8024.0,2,2.0056891617256736,0.16032487644188725,2.0056891617256736,True,0.16032487644188725,False
2024-12-23,5.2,3.0,1.0,85.0,Light snow showers,Winter,0,23093.0,7901.0,1,0.3294502812959394,0.09393397815080605,0.3294502812959394,False,0.09393397815080605,False
2024-12-24,4.3,0.3,0.0,61.0,Light rain,Rainy,1,15901.0,5672.0,2,-0.5560076715539062,-1.109198642099763,-0.5560076715539062,False,-1.109198642099763,False
2024-12-25,5.2,0.5,0.0,45.0,Fog,Autumn,1,2105.0,2243.0,4,-2.254530741286452,-2.960047343238929,-2.254530741286452,True,-2.960047343238929,True
2024-12-26,6.1,3.7,0.0,45.0,Fog,Autumn,0,7839.0,4200.0,4,-1.5485774735388138,-1.9037303679897755,-1.5485774735388138,False,-1.9037303679897755,False
2024-12-27,3.8,-0.8,0.0,45.0,Fog,Autumn,0,17773.0,7049.0,4,-0.325532520311566,-0.3659444392800979,-0.325532520311566,False,-0.3659444392800979,False
2024-12-28,-0.8,-2.5,0.0,48.0,Depositing rime fog,Winter,0,21268.0,9096.0,1,0.10476163224825194,0.7389512420357006,0.10476163224825194,False,0.7389512420357006,False
2024-12-29,2.5,-3.4,0.0,56.0,Light freezing drizzle,Winter,0,15944.0,7505.0,1,-0.5507136376311388,-0.11981232854243098,-0.5507136376311388,False,-0.11981232854243098,False
2024-12-30,3.0,0.2,0.0,51.0,Light drizzle,Autumn,0,21309.0,8222.0,4,0.1098094320350767,0.26719802978850576,0.1098094320350767,False,0.26719802978850576,False
2024-12-31,2.3,0.8,0.0,3.0,Overcast,Autumn,1,15407.0,7497.0,4,-0.616827503131746,-0.12413043574835497,-0.616827503131746,False,-0.12413043574835497,False
2025-01-01,7.6,2.5,1.2,61.0,Light rain,Rainy,0,8563.0,5315.0,2,-1.459440716327567,-1.3018941761641207,-1.459440716327567,False,-1.3018941761641207,False
2025-01-02,6.0,1.5,0.1,85.0,Light snow showers,Winter,0,17626.0,6660.0,1,-0.3436307293033523,-0.5759124021681514,-0.3436307293033523,False,-0.5759124021681514,False
2025-01-03,3.0,-0.9,1.7,85.0,Light snow showers,Winter,0,14695.0,6941.0,1,-0.7044868555273369,-0.42423888656007164,-0.7044868555273369,False,-0.42423888656007164,False
2025-01-04,0.8,-1.1,0.0,3.0,Overcast,Autumn,0,15612.0,6903.0,4,-0.5915885041976222,-0.4447498957882105,-0.5915885041976222,False,-0.4447498957882105,False
2025-01-05,5.4,-2.3,12.5,73.0,moderate snow fall,Winter,0,5207.0,3195.0,1,-1.872621596439369,-2.4461925857339755,-1.872621596439369,False,-2.4461925857339755,True
2025-01-06,10.9,6.6,2.5,80.0,Light rain showers,Rainy,0,8841.0,4493.0,2,-1.4252141714315354,-1.7455796915728097,-1.4252141714315354,False,-1.7455796915728097,False
2025-01-07,7.2,1.1,1.8,85.0,Light snow showers,Winter,0,8955.0,4378.0,1,-1.4111788256828033,-1.807652482657967,-1.4111788256828033,False,-1.807652482657967,False
2025-01-08,4.0,0.1,0.8,77.0,Snow grains,Winter,0,9879.0,4417.0,1,-1.2974186548772892,-1.7866017100290874,-1.2974186548772892,False,-1.7866017100290874,False
2025-01-09,1.1,0.3,13.2,73.0,moderate snow fall,Winter,0,11002.0,4772.0,1,-1.1591581875454793,-1.5949857027662109,-1.1591581875454793,False,-1.5949857027662109,False
2025-01-10,1.5,0.0,2.2,85.0,Light snow showers,Winter,0,9673.0,5372.0,1,-1.3227807708793842,-1.2711276623219123,-1.3227807708793842,False,-1.2711276623219123,False
2025-01-11,1.4,-0.3,2.2,71.0,Slight snow fall,Winter,0,12855.0,6620.0,1,-0.9310222605945944,-0.5975029381977713,-0.9310222605945944,False,-0.5975029381977713,False
2025-01-12,2.0,-1.5,0.0,3.0,Overcast,Autumn,0,9782.0,5125.0,4,-1.3093610104705087,-1.4044492223048153,-1.3093610104705087,False,-1.4044492223048153,False
2025-01-13,-0.1,-3.0,0.0,3.0,Overcast,Autumn,0,9658.0,5120.0,4,-1.3246275268989542,-1.4071480393085176,-1.3246275268989542,False,-1.4071480393085176,False
2025-01-14,2.8,-2.8,2.6,61.0,Light rain,Rainy,0,10027.0,5112.0,2,-1.2791973288175316,-1.4114661465144416,-1.2791973288175316,False,-1.4114661465144416,False
2025-01-15,5.6,3.1,0.0,45.0,Fog,Autumn,0,8926.0,4647.0,4,-1.414749220653972,-1.662456127858773,-1.414749220653972,False,-1.662456127858773,False
2025-01-16,3.4,0.7,0.0,45.0,Fog,Autumn,0,9813.0,5215.0,4,-1.3055443813633973,-1.3558705162381703,-1.3055443813633973,False,-1.3558705162381703,False
2025-01-17,1.6,-1.8,0.0,48.0,Depositing rime fog,Winter,0,12543.0,6461.0,1,-0.9694347858016511,-0.6833253189155104,-0.9694347858016511,False,-0.6833253189155104,False
2025-01-18,-1.0,-2.7,0.0,48.0,Depositing rime fog,Winter,0,20955.0,7961.0,1,0.0662259899732239,0.1263197821952359,0.0662259899732239,False,0.1263197821952359,False
2025-01-19,3.9,-3.0,0.0,48.0,Depositing rime fog,Winter,0,10992.0,5008.0,1,-1.1603893582251927,-1.4676015401914535,-1.1603893582251927,False,-1.4676015401914535,False
2025-01-20,5.6,-1.0,0.0,48.0,Depositing rime fog,Winter,0,10567.0,4747.0,1,-1.2127141121130103,-1.6084797877847232,-1.2127141121130103,False,-1.6084797877847232,False
2025-01-21,-0.6,-2.7,0.0,48.0,Depositing rime fog,Winter,0,10655.0,5412.0,1,-1.2018798101315327,-1.2495371262922925,-1.2018798101315327,False,-1.2495371262922925,False
2025-01-22,2.0,-2.6,0.0,48.0,Depositing rime fog,Winter,0,10975.0,5630.0,1,-1.1624823483807054,-1.131868704930864,-1.1624823483807054,False,-1.131868704930864,False
2025-01-23,4.6,0.4,5.0,61.0,Light rain,Rainy,0,10108.0,5132.0,2,-1.2692248463118534,-1.4006708784996318,-1.2692248463118534,False,-1.4006708784996318,False
2025-01-24,7.4,2.6,2.7,61.0,Light rain,Rainy,0,11244.0,6270.0,2,-1.129363857096416,-0.7864201284569455,-1.129363857096416,False,-0.7864201284569455,False
2025-01-25,13.6,6.6,3.0,61.0,Light rain,Rainy,0,19582.0,8768.0,2,-0.10281374435141986,0.5619088465928175,-0.10281374435141986,False,0.5619088465928175,False
2025-01-26,9.9,3.3,1.4,80.0,Light rain showers,Rainy,0,10752.0,4857.0,2,-1.1899374545383132,-1.5491058137032685,-1.1899374545383132,False,-1.5491058137032685,False
